DELETE FROM T_Songs;
DELETE FROM T_Users;
INSERT INTO T_Users (P_User_name, nobility_house) VALUES ('katze', 'Ser');
INSERT INTO T_Users (P_User_name, nobility_house) VALUES ('hund', 'Ser');
INSERT INTO T_Users (P_User_name, nobility_house) VALUES ('Keanu', 'Meister');
INSERT INTO T_Songs (P_Song_id, genre, title, band, F_User_name) VALUES (1, 'Punkrock', 'Unrockbar', 'Die Ärzte', 'katze');
INSERT INTO T_Songs (P_Song_id, genre, title, band, F_User_name) VALUES (2, 'Hardrock', 'Du hast', 'Rammstein', 'hund');
INSERT INTO T_Songs (P_Song_id, genre, title, band, F_User_name) VALUES (3, 'Klassik', '9. Sinfonie', 'Beethoven', 'katze');
INSERT INTO T_Songs (P_Song_id, genre, title, band, F_User_name) VALUES (4, 'Schlager', 'Atemlos durch die Nacht', 'Helene Fischer', 'hund');
INSERT INTO T_Songs (P_Song_id, genre, title, band, F_User_name) VALUES (5, 'Pop', 'Trololo Song', 'Eduard Anatoljewitsch Chil', 'katze');
INSERT INTO T_Songs (P_Song_id, genre, title, band, F_User_name) VALUES (6, 'Klassik', 'Für Elise', 'Mozart', 'Keanu');
INSERT INTO T_Songs (P_Song_id, genre, title, band, F_User_name) VALUES (7, 'Dance/Electronic', 'Doggy', 'katja krasavice', 'Keanu');
INSERT INTO T_Songs (P_Song_id, genre, title, band, F_User_name) VALUES (8, 'Dance', 'Ohne Dich Schlaf Ich Heut Nicht Ein', 'Tom Beck', 'hund');
INSERT INTO T_Songs (P_Song_id, genre, title, band, F_User_name) VALUES (9, 'Dance/Electronic', 'Despacito', 'Luis Fonsi', 'Keanu');
INSERT INTO T_Songs (P_Song_id, genre, title, band, F_User_name) VALUES (10, 'Schlager', 'Jan Pillemann Otze', 'Mickie Krause ', 'hund');
INSERT INTO T_Votes (F_User_name, F_Song_id) VALUES ('katze', 1);
INSERT INTO T_Votes (F_User_name, F_Song_id) VALUES ('katze', 1);
INSERT INTO T_Votes (F_User_name, F_Song_id) VALUES ('katze', 1);
INSERT INTO T_Votes (F_User_name, F_Song_id) VALUES ('katze', 1);
INSERT INTO T_Votes (F_User_name, F_Song_id) VALUES ('katze', 1);
INSERT INTO T_Votes (F_User_name, F_Song_id) VALUES ('katze', 1);
INSERT INTO T_Votes (F_User_name, F_Song_id) VALUES ('katze', 1);
INSERT INTO T_Votes (F_User_name, F_Song_id) VALUES ('katze', 1);
INSERT INTO T_Votes (F_User_name, F_Song_id) VALUES ('katze', 1);
INSERT INTO T_Votes (F_User_name, F_Song_id) VALUES ('katze', 1);
INSERT INTO T_Votes (F_User_name, F_Song_id) VALUES ('hund', 1);
INSERT INTO T_Votes (F_User_name, F_Song_id) VALUES ('hund', 1);
